{"cameraMode":{"drawMode":0,"name":"Shaded","section":"Shading Mode"},"sceneLighting":false,"audioPlay":false,"sceneViewState":{"m_AlwaysRefresh":false,"showFog":false,"showSkybox":false,"showFlares":false,"showImageEffects":false,"showParticleSystems":false,"showVisualEffectGraphs":true,"m_FxEnabled":true},"in2DMode":false,"pivot":{"x":-0.043193817138671878,"y":-0.14349520206451417,"z":0.18665501475334168},"rotation":{"x":0.006420309189707041,"y":0.9930879473686218,"z":-0.0671495720744133,"w":0.09710786491632462},"size":0.8679233193397522,"orthographic":true}