{"cameraMode":{"drawMode":0,"name":"Shaded","section":"Shading Mode"},"sceneLighting":false,"audioPlay":false,"sceneViewState":{"m_AlwaysRefresh":false,"showFog":true,"showSkybox":true,"showFlares":true,"showImageEffects":true,"showParticleSystems":true,"showVisualEffectGraphs":true,"m_FxEnabled":true},"in2DMode":false,"pivot":{"x":-19.404497146606447,"y":-1.4098930358886719,"z":-5.696505546569824},"rotation":{"x":0.054532721638679507,"y":0.9452662467956543,"z":-0.23587875068187715,"w":0.21929045021533967},"size":2.843269109725952,"orthographic":false}