{"cameraMode":{"drawMode":0,"name":"Shaded","section":"Shading Mode"},"sceneLighting":true,"audioPlay":false,"sceneViewState":{"m_AlwaysRefresh":false,"showFog":true,"showSkybox":true,"showFlares":true,"showImageEffects":true,"showParticleSystems":true,"showVisualEffectGraphs":true,"m_FxEnabled":true},"in2DMode":false,"pivot":{"x":-4.276999473571777,"y":-1.1505675315856934,"z":-1.1960716247558594},"rotation":{"x":0.10460930317640305,"y":0.8953408002853394,"z":-0.2994936406612396,"w":0.31267067790031435},"size":16.385053634643556,"orthographic":false}