{"cameraMode":{"drawMode":0,"name":"Shaded","section":"Shading Mode"},"sceneLighting":false,"audioPlay":false,"sceneViewState":{"m_AlwaysRefresh":false,"showFog":true,"showSkybox":true,"showFlares":true,"showImageEffects":true,"showParticleSystems":true,"showVisualEffectGraphs":true,"m_FxEnabled":true},"in2DMode":false,"pivot":{"x":-0.0929134413599968,"y":1.1399043798446656,"z":-0.36906927824020388},"rotation":{"x":0.16493989527225495,"y":0.8281847834587097,"z":-0.31607985496520998,"w":0.4327128529548645},"size":5.9150824546813969,"orthographic":false}