{"cameraMode":{"drawMode":0,"name":"Shaded","section":"Shading Mode"},"sceneLighting":false,"audioPlay":false,"sceneViewState":{"m_AlwaysRefresh":false,"showFog":true,"showSkybox":true,"showFlares":true,"showImageEffects":true,"showParticleSystems":true,"showVisualEffectGraphs":true,"m_FxEnabled":true},"in2DMode":false,"pivot":{"x":-9.784207344055176,"y":4.4300737380981449,"z":1.0981683731079102},"rotation":{"x":0.09025100618600846,"y":0.9096232652664185,"z":-0.27839285135269167,"w":0.2948887348175049},"size":6.5236358642578129,"orthographic":false}