{"cameraMode":{"drawMode":0,"name":"Shaded","section":"Shading Mode"},"sceneLighting":false,"audioPlay":false,"sceneViewState":{"m_AlwaysRefresh":false,"showFog":true,"showSkybox":true,"showFlares":true,"showImageEffects":true,"showParticleSystems":true,"showVisualEffectGraphs":true,"m_FxEnabled":true},"in2DMode":false,"pivot":{"x":-18.37215805053711,"y":-1.0704373121261597,"z":-5.028476715087891},"rotation":{"x":0.046402379870414737,"y":0.9020138382911682,"z":-0.10059676319360733,"w":0.41749119758605959},"size":10.841813087463379,"orthographic":true}