{"cameraMode":{"drawMode":0,"name":"Shaded","section":"Shading Mode"},"sceneLighting":false,"audioPlay":false,"sceneViewState":{"m_AlwaysRefresh":false,"showFog":true,"showSkybox":true,"showFlares":true,"showImageEffects":true,"showParticleSystems":true,"showVisualEffectGraphs":true,"m_FxEnabled":true},"in2DMode":false,"pivot":{"x":-26.464384078979493,"y":2.606931686401367,"z":6.049129962921143},"rotation":{"x":-0.2828716039657593,"y":0.40441733598709109,"z":0.13327087461948396,"w":0.8595584630966187},"size":0.011055034585297108,"orthographic":false}