{"cameraMode":{"drawMode":0,"name":"Shaded","section":"Shading Mode"},"sceneLighting":false,"audioPlay":false,"sceneViewState":{"m_AlwaysRefresh":false,"showFog":true,"showSkybox":true,"showFlares":true,"showImageEffects":true,"showParticleSystems":true,"showVisualEffectGraphs":true,"m_FxEnabled":true},"in2DMode":false,"pivot":{"x":-16.131488800048829,"y":0.13738775253295899,"z":-5.182765960693359},"rotation":{"x":0.2591411769390106,"y":0.32538914680480959,"z":-0.09321790933609009,"w":0.9045948386192322},"size":1.4904009103775025,"orthographic":false}